{"cameraMode":{"drawMode":0,"name":"Shaded","section":"Shading Mode"},"sceneLighting":false,"audioPlay":false,"sceneViewState":{"m_AlwaysRefresh":false,"showFog":true,"showSkybox":false,"showFlares":true,"showImageEffects":true,"showParticleSystems":true,"showVisualEffectGraphs":true,"m_FxEnabled":true},"in2DMode":false,"pivot":{"x":9.742687225341797,"y":0.6531139612197876,"z":12.316514015197754},"rotation":{"x":0.035961445420980456,"y":-0.041359227150678638,"z":0.0014893701300024987,"w":0.9984955191612244},"size":2.360469102859497,"orthographic":true}