{"cameraMode":{"drawMode":0,"name":"Shaded","section":"Shading Mode"},"sceneLighting":false,"audioPlay":false,"sceneViewState":{"m_AlwaysRefresh":false,"showFog":true,"showSkybox":false,"showFlares":true,"showImageEffects":true,"showParticleSystems":true,"showVisualEffectGraphs":true,"m_FxEnabled":true},"in2DMode":false,"pivot":{"x":-0.7241320610046387,"y":1.6341924667358399,"z":-0.010113239288330078},"rotation":{"x":-0.010789868421852589,"y":-0.005405434872955084,"z":-0.000050190115871373564,"w":0.999912440776825},"size":10.840889930725098,"orthographic":false}