{"cameraMode":{"drawMode":0,"name":"Shaded","section":"Shading Mode"},"sceneLighting":false,"audioPlay":false,"sceneViewState":{"m_AlwaysRefresh":false,"showFog":true,"showSkybox":false,"showFlares":true,"showImageEffects":true,"showParticleSystems":true,"showVisualEffectGraphs":true,"m_FxEnabled":true},"in2DMode":false,"pivot":{"x":-8.940696716308594e-8,"y":0.7735258340835571,"z":11.885892868041993},"rotation":{"x":0.18611027300357819,"y":-0.20321178436279298,"z":0.03937453031539917,"w":0.9604721665382385},"size":1.2460352182388306,"orthographic":true}