{"cameraMode":{"drawMode":0,"name":"Shaded","section":"Shading Mode"},"sceneLighting":true,"audioPlay":false,"sceneViewState":{"m_AlwaysRefresh":false,"showFog":true,"showSkybox":true,"showFlares":true,"showImageEffects":true,"showParticleSystems":true,"showVisualEffectGraphs":true,"m_FxEnabled":true},"in2DMode":false,"pivot":{"x":26.078018188476564,"y":0.6084017753601074,"z":41.18008041381836},"rotation":{"x":0.030642805621027948,"y":0.4588415026664734,"z":-0.015836386010050775,"w":0.8878451585769653},"size":32.451576232910159,"orthographic":false}