{"cameraMode":{"drawMode":0,"name":"Shaded","section":"Shading Mode"},"sceneLighting":true,"audioPlay":false,"sceneViewState":{"m_AlwaysRefresh":false,"showFog":true,"showSkybox":true,"showFlares":true,"showImageEffects":true,"showParticleSystems":true,"showVisualEffectGraphs":true,"m_FxEnabled":true},"in2DMode":false,"pivot":{"x":3.7968873977661135,"y":4.537571907043457,"z":-9.931436538696289},"rotation":{"x":-0.028781838715076448,"y":-0.017396263778209688,"z":-0.0004890332347713411,"w":0.9994142651557922},"size":2.144895315170288,"orthographic":false}