{"cameraMode":{"drawMode":0,"name":"Shaded","section":"Shading Mode"},"sceneLighting":true,"audioPlay":false,"sceneViewState":{"m_AlwaysRefresh":false,"showFog":true,"showSkybox":true,"showFlares":true,"showImageEffects":true,"showParticleSystems":true,"showVisualEffectGraphs":true,"m_FxEnabled":true},"in2DMode":false,"pivot":{"x":-0.25191450119018557,"y":0.5407285690307617,"z":6.986919403076172},"rotation":{"x":0.6452783942222595,"y":-0.0034376955591142179,"z":0.0029037713538855316,"w":0.7639310359954834},"size":10.017427444458008,"orthographic":true}