{"cameraMode":{"drawMode":0,"name":"Shaded","section":"Shading Mode"},"sceneLighting":true,"audioPlay":false,"sceneViewState":{"m_AlwaysRefresh":false,"showFog":true,"showSkybox":true,"showFlares":true,"showImageEffects":true,"showParticleSystems":true,"showVisualEffectGraphs":true,"m_FxEnabled":true},"in2DMode":false,"pivot":{"x":-5.463447093963623,"y":-1.638786792755127,"z":10.194239616394043},"rotation":{"x":0.6452783942222595,"y":-0.0034376955591142179,"z":0.0029037713538855316,"w":0.7639310359954834},"size":23.416189193725587,"orthographic":true}