{"cameraMode":{"drawMode":0,"name":"Shaded","section":"Shading Mode"},"sceneLighting":true,"audioPlay":false,"sceneViewState":{"m_AlwaysRefresh":false,"showFog":true,"showSkybox":true,"showFlares":true,"showImageEffects":true,"showParticleSystems":true,"showVisualEffectGraphs":true,"m_FxEnabled":true},"in2DMode":false,"pivot":{"x":-3.5975894927978517,"y":-1.5666918754577637,"z":-1.8013734817504883},"rotation":{"x":0.11494307219982147,"y":-0.6406102180480957,"z":0.09780187159776688,"w":0.7528867721557617},"size":12.12435531616211,"orthographic":false}